,hostname,pl_name,rowupdate,sy_pnum,pl_orbsmax,pl_orbsmaxerr1,pl_orbsmaxerr2,pl_bmasse,pl_bmasseerr1,pl_bmasseerr2,pl_orbeccen,pl_orbeccenerr1,pl_orbeccenerr2,pl_trueobliq,pl_trueobliqerr1,pl_trueobliqerr2,flag,pl_relincl,pl_relinclerr1,pl_relinclerr2,namd_rel,namd_rel_mc,namd_rel_q16,namd_rel_q50,namd_rel_q84
0,14 Her,14 Her b,2023-06-12,2,2.81,0.065,-0.065,1523.958886975,47.6745,-47.6745,0.3681999999999999,0.0065,-0.0055,-15.554999999999978,8.862892642924205,-29.231227856523574,05d+-,-15.554999999999978,8.862892642924205,-29.231227856523574,0.09632236496681301,,0.08575439005698886,0.13584111457818382,0.22564613990094162
1,14 Her,14 Her c,2023-06-12,2,14.162,5.298,-2.7265,1720.24625289,361.211984555,-328.475658635,0.4215,0.1075,-0.099,0.0,8.845905832643709,-41.08431820050078,05d+-,0.0,8.845905832643709,-41.08431820050078,0.09632236496681301,,0.08575439005698886,0.13584111457818382,0.22564613990094162
10,55 Cnc,55 Cnc b,2022-05-09,5,0.1144,0.0006,-0.0006,262.92975,7.311769290000001,-7.311769290000001,0.0094,0.008,-0.008,23.0,15.0,-12.0,05+-,0.0,34.634090142517096,-34.704800820635754,0.004581581481058312,,0.021082116179146022,0.09008793543018101,0.33851091922954235
11,55 Cnc,55 Cnc c,2021-09-20,5,0.239,0.0013,-0.0013,54.0298288,2.320333745,-2.288333745,0.0615,0.031,-0.03,23.0,15.0,-12.0,05+-,0.0,34.634090142517096,-34.704800820635754,0.004581581481058312,,0.021082116179146022,0.09008793543018101,0.33851091922954235
12,55 Cnc,55 Cnc d,2021-09-20,5,5.5215,0.1,-0.1,1219.6235,103.294550875,-63.563550875,0.0965,0.025,-0.025,23.0,15.0,-12.0,05+-,0.0,34.634090142517096,-34.704800820635754,0.004581581481058312,,0.021082116179146022,0.09008793543018101,0.33851091922954235
13,55 Cnc,55 Cnc e,2025-04-16,5,0.01544,9e-05,-9e-05,8.09479,0.37,-0.35,0.045,0.034,-0.03,23.0,15.0,-12.0,0,5.215000000000003,24.54893276702676,-24.56036644677762,0.004581581481058312,,0.021082116179146022,0.09008793543018101,0.33851091922954235
14,55 Cnc,55 Cnc f,2021-09-20,5,0.775,0.005,-0.005,46.87969003,3.814,-2.98758703,0.142,0.075,-0.066,23.0,15.0,-12.0,05+-,0.0,34.634090142517096,-34.704800820635754,0.004581581481058312,,0.021082116179146022,0.09008793543018101,0.33851091922954235
69,EPIC 249893012,EPIC 249893012 b,2020-02-06,3,0.047,0.005,-0.007,8.75,1.09,-1.08,0.06,0.08,-0.04,1.7999999999999972,2.7032572944505304,-3.654107278118692,05d+-,1.7999999999999972,2.7032572944505304,-3.654107278118692,0.0061058051135289984,,0.003935052769160206,0.01050836299731121,0.025931433268524404
70,EPIC 249893012,EPIC 249893012 c,2020-02-06,3,0.13,0.01,-0.02,14.67,1.84,-1.89,0.07,0.08,-0.05,0.0,1.0465180361560904,-1.4849242404917498,05d+-,0.0,1.0465180361560904,-1.4849242404917498,0.0061058051135289984,,0.003935052769160206,0.01050836299731121,0.025931433268524404
71,EPIC 249893012,EPIC 249893012 d,2020-02-06,3,0.22,0.02,-0.04,10.18,2.46,-2.42,0.15,0.21,-0.11,-1.5300000000000011,0.8229216244576394,-1.1629703349613008,05d+-,-1.5300000000000011,0.8229216244576394,-1.1629703349613008,0.0061058051135289984,,0.003935052769160206,0.01050836299731121,0.025931433268524404
136,GJ 581,GJ 581 b,2025-03-03,3,0.0406163,0.00042,-0.00044,15.8,0.3,-0.3,0.0,0.0245,-0.012,0.0,21.213203435596427,-18.384776310850235,05d+-,0.0,21.213203435596427,-18.384776310850235,0.0005333282736681575,,0.03012581202423945,0.11061222031016447,0.29030374177619117
137,GJ 581,GJ 581 c,2025-03-03,3,0.0725465,0.00076,-0.00078,5.55,0.3,-0.3,0.0595,0.07,-0.06,0.0,21.213203435596427,-89.94442728707543,05d+-,0.0,21.213203435596427,-89.94442728707543,0.0005333282736681575,,0.03012581202423945,0.11061222031016447,0.29030374177619117
138,GJ 581,GJ 581 e,2025-03-03,3,0.0284533,0.0001799999999999,-0.0001799999999999,1.7,0.22,-0.2,0.0,0.06,-0.015,0.0,21.213203435596427,-18.384776310850235,05d+-,0.0,21.213203435596427,-18.384776310850235,0.0005333282736681575,,0.03012581202423945,0.11061222031016447,0.29030374177619117
156,GJ 876,GJ 876 b,2024-09-16,4,0.2105,0.00052,-0.00052,804.076,13.861997125000002,-13.220911325,0.0338,0.002,-0.0025,0.0,1.965756851698602,-2.0223253941935257,05d+-,0.0,1.965756851698602,-2.0223253941935257,0.007201770053302724,,0.0071464843505719845,0.007637578478569612,0.008438852395746054
157,GJ 876,GJ 876 c,2021-09-20,4,0.132,5e-05,-5e-05,251.075,2.8604704400000003,-3.019384645,0.25591,0.002,-0.002,2.905000000000001,2.119457477752267,-2.160856311743101,05d+-,2.905000000000001,2.119457477752267,-2.160856311743101,0.007201770053302724,,0.0071464843505719845,0.007637578478569612,0.008438852395746054
158,GJ 876,GJ 876 d,2022-05-09,4,0.021,4e-07,-4e-07,7.4,0.415,-0.405,0.124,0.0525,-0.0535,-2.905000000000001,1.965756851698602,-2.0223253941935257,05d+-,-2.905000000000001,1.965756851698602,-2.0223253941935257,0.007201770053302724,,0.0071464843505719845,0.007637578478569612,0.008438852395746054
159,GJ 876,GJ 876 e,2017-10-16,4,0.345,0.0013,-0.002,16.58,1.7,-1.7,0.04,0.021,-0.012,-2.905000000000001,1.965756851698602,-2.0223253941935257,05d+-,-2.905000000000001,1.965756851698602,-2.0223253941935257,0.007201770053302724,,0.0071464843505719845,0.007637578478569612,0.008438852395746054
165,HAT-P-11,HAT-P-11 b,2025-02-24,2,0.053,0.00062,-0.00066,25.0,2.22481,-2.22481,0.2,0.0455,-0.0465,105.45,11.8,-10.05,0,-4.960000000000008,9.71186902712346,-13.15875754013273,0.20232356248152936,,0.19430174854928847,0.2243343631804539,0.2718503916172174
166,HAT-P-11,HAT-P-11 c,2025-02-24,2,4.120794151479811,0.175,-0.11,731.009,130.30964687,-130.30964687,0.604,0.03,-0.03,105.45,11.8,-10.05,05+-,0.0,13.717871555019022,-18.5969083452062,0.20232356248152936,,0.19430174854928847,0.2243343631804539,0.2718503916172174
189,HD 106315,HD 106315 b,2024-12-10,2,0.0905,0.000915,-0.000965,12.6,3.2,-3.2,0.093,0.11,-0.068,0.7399999999999949,1.1623773992232471,-1.325631924781536,05d+-,0.7399999999999949,1.1623773992232471,-1.325631924781536,0.005831887747788655,,0.003371242921946997,0.009499350609523886,0.0206458920887415
190,HD 106315,HD 106315 c,2024-12-10,2,0.1534499999999999,0.00155,-0.0015999999999999,14.9,4.2,-4.2,0.1159999999999999,0.1009999999999999,-0.1009999999999999,0.0,0.5656854249492381,-0.5374011537017761,05d+-,0.0,0.5656854249492381,-0.5374011537017761,0.005831887747788655,,0.003371242921946997,0.009499350609523886,0.0206458920887415
212,HD 111232,HD 111232 b,2024-09-16,2,1.97,0.04,-0.04,2321.742200145,190.6970442,-117.437596385,0.20415,0.01,-0.01,-11.019999999999996,14.592890871928017,-21.05075581184676,05d+-,-11.019999999999996,14.592890871928017,-21.05075581184676,0.09590793229881471,,0.09032018865599471,0.1297487634300924,0.20137049643924207
213,HD 111232,HD 111232 c,2023-06-12,2,18.025,3.579,-3.1255,6159.99127027,1209.17817443,-764.6951472400001,0.442,0.0635,-0.0605,0.0,16.13334831955227,-24.459530668023863,05d+-,0.0,16.13334831955227,-24.459530668023863,0.09590793229881471,,0.09032018865599471,0.1297487634300924,0.20137049643924207
227,HD 118203,HD 118203 b,2025-07-17,2,0.0706080444231884,0.00057,-0.00057,689.68764319,22.883645305,-25.267358355,0.3136,0.014,-0.014,75.0,3.0,-5.0,0,5.459999999999994,13.470894550845538,-16.427492200576445,0.03439925323733392,,0.038315368699216444,0.06561077848822586,0.16061539972237385
228,HD 118203,HD 118203 c,2025-05-27,2,6.24,0.15,-0.155,3637.546118115,316.239264965,-259.030151705,0.2585,0.032,-0.027,75.0,3.0,-5.0,05+-,0.0,19.021172413918126,-23.19310242291876,0.03439925323733392,,0.038315368699216444,0.06561077848822586,0.16061539972237385
252,HD 136352,HD 136352 b,2024-02-05,3,0.0964,0.0028,-0.0028,4.72,0.45,-0.44,0.079,0.074,-0.0665,-0.0605000000000046,0.3582977114077063,-0.2307076071567645,05d+-,-0.0605000000000046,0.3582977114077063,-0.2307076071567645,0.002109304906868246,,0.0007666725187881321,0.0021812773301245676,0.004596476295035251
253,HD 136352,HD 136352 c,2024-02-05,3,0.1721,0.005,-0.005,11.24,0.73,-0.69,0.037,0.0445,-0.0279999999999999,0.0,0.0685893577750951,-0.0721248916810278,05d+-,0.0,0.0685893577750951,-0.0721248916810278,0.002109304906868246,,0.0007666725187881321,0.0021812773301245676,0.004596476295035251
254,HD 136352,HD 136352 d,2024-03-06,3,0.425,0.012,-0.012,8.82,1.1,-1.0,0.075,0.0925,-0.0615,-1.1155000000000117,0.1481629170879137,-0.1034456378974,05d+-,-1.1155000000000117,0.1481629170879137,-0.1034456378974,0.002109304906868246,,0.0007666725187881321,0.0021812773301245676,0.004596476295035251
282,HD 15337,HD 15337 b,2025-02-12,2,0.0522,0.0010249999999999,-0.0009599999999999,7.2,0.81,-0.81,0.09,0.05,-0.05,-0.0870000000000033,0.4850773134253961,-0.406078810084939,05d+-,-0.0870000000000033,0.4850773134253961,-0.406078810084939,0.004413991796740418,,0.002309749113842839,0.005215001996570694,0.009637824460219449
283,HD 15337,HD 15337 c,2025-02-12,2,0.1235,0.0029,-0.00275,8.11,1.68,-1.68,0.096,0.06,-0.045,0.0,0.0989949493661166,-0.0989949493661166,05d+-,0.0,0.0989949493661166,-0.0989949493661166,0.004413991796740418,,0.002309749113842839,0.005215001996570694,0.009637824460219449
365,HD 206893,HD 206893 b,2022-12-05,2,10.0,1.1,-1.0,8581.366988999998,2574.4100967,-2558.51867635,0.185,0.09,-0.105,0.0,12.091525958289964,-7.424621202458749,05d+-,0.0,12.091525958289964,-7.424621202458749,0.03336364116917136,,0.029767548624943834,0.04584661731467332,0.07007737836544028
366,HD 206893,HD 206893 c,2022-12-05,2,3.53,0.08,-0.06,4036.4207689,381.3940884,-317.828407,0.41,0.03,-0.03,-4.700000000000017,9.028427327059791,-6.046693311223912,05d+-,-4.700000000000017,9.028427327059791,-6.046693311223912,0.03336364116917136,,0.029767548624943834,0.04584661731467332,0.07007737836544028
405,HD 23472,HD 23472 b,2023-12-04,5,0.1186,0.0014,-0.0014,13.12,1.095,-7.395,0.036,0.039,-0.04,0.0,0.2262741699796952,-0.2262741699796952,05d+-,0.0,0.2262741699796952,-0.2262741699796952,0.0006870982268142061,,0.0006572874789112027,0.0015893755872292434,0.0033295273079476284
406,HD 23472,HD 23472 c,2023-12-04,5,0.1673,0.0017,-0.0017,10.295,0.975,-7.29,0.0315,0.054,-0.043,-0.164999999999992,0.1830874108178932,-0.1758664265856334,05d+-,-0.164999999999992,0.1830874108178932,-0.1758664265856334,0.0006870982268142061,,0.0006572874789112027,0.0015893755872292434,0.0033295273079476284
407,HD 23472,HD 23472 d,2023-12-04,5,0.04298,0.00063,-0.00065,0.55,0.21,-0.2,0.07,0.05,-0.047,0.980000000000004,1.2106196760337244,-0.8845903006477066,05d+-,0.980000000000004,1.2106196760337244,-0.8845903006477066,0.0006870982268142061,,0.0006572874789112027,0.0015893755872292434,0.0033295273079476284
408,HD 23472,HD 23472 e,2023-12-04,5,0.068,0.001,-0.001,0.72,0.28,-0.27,0.07,0.052,-0.047,0.3000000000000113,0.8158431221748457,-0.5824087911424415,05d+-,0.3000000000000113,0.8158431221748457,-0.5824087911424415,0.0006870982268142061,,0.0006572874789112027,0.0015893755872292434,0.0033295273079476284
409,HD 23472,HD 23472 f,2023-12-04,5,0.0906,0.0014,-0.0014,0.77,0.44,-0.4,0.07,0.048,-0.051,0.1200000000000045,0.6016643582596529,-0.3577708763999663,05d+-,0.1200000000000045,0.6016643582596529,-0.3577708763999663,0.0006870982268142061,,0.0006572874789112027,0.0015893755872292434,0.0033295273079476284
416,HD 260655,HD 260655 b,2024-01-05,2,0.02933,0.00024,-0.00024,2.14,0.34,-0.34,0.039,0.043,-0.023,0.4400000000000119,0.161245154965971,-0.161245154965971,05d+-,0.4400000000000119,0.161245154965971,-0.161245154965971,0.0007462244493444912,,0.00041984385119886507,0.0011083916723630721,0.002244694397388674
417,HD 260655,HD 260655 c,2024-01-05,2,0.04749,0.00039,-0.00039,3.09,0.48,-0.48,0.038,0.036,-0.022,0.0,0.1131370849898476,-0.1131370849898476,05d+-,0.0,0.1131370849898476,-0.1131370849898476,0.0007462244493444912,,0.00041984385119886507,0.0011083916723630721,0.002244694397388674
426,HD 30177,HD 30177 b,2023-06-12,2,3.654,0.1325,-0.1385,2705.5211820100003,273.3386,-211.19764551,0.1915,0.0185,-0.021,0.0,20.299621474303404,-26.505190585996548,05d+-,0.0,20.299621474303404,-26.505190585996548,0.026458636090414555,,0.026716802298276193,0.06422552909868232,0.14913019078060083
427,HD 30177,HD 30177 c,2023-06-12,2,10.074,0.7875000000000001,-0.76,2185.076351525,700.49627818,-546.826243395,0.1295,0.0725,-0.0765,-12.623000000000005,21.513668701548788,-30.636543359197688,05d+-,-12.623000000000005,21.513668701548788,-30.636543359197688,0.026458636090414555,,0.026716802298276193,0.06422552909868232,0.14913019078060083
497,HD 62364,HD 62364 b,2023-09-05,2,6.324,0.085,-0.086,5757.461592805,361.6887271650001,-259.030151705,0.6095999999999999,0.0046,-0.005,-18.8925,4.581545699870295,-4.048419568177192,05d+-,-18.8925,4.581545699870295,-4.048419568177192,0.3388851640351933,,0.3571317509582484,0.3683222084951193,0.38012718133275364
498,HD 62364,HD 62364 c,2023-06-12,2,36.984,2.957,-2.793,7923.46218651,852.09795917,-928.69460525,0.773,0.009,-0.009,0.0,5.895856341533433,-5.092583038105516,05d+-,0.0,5.895856341533433,-5.092583038105516,0.3388851640351933,,0.3571317509582484,0.3683222084951193,0.38012718133275364
506,HD 66428,HD 66428 b,2023-06-12,2,3.455,0.0695,-0.0695,1013.87261833,34.96112477,-34.96112477,0.465,0.015,-0.015,77.299,57.89453039795728,-55.554858086399605,05d+-,77.299,57.89453039795728,-55.554858086399605,0.10687828112235888,,0.17152923473541568,0.5020257542880566,1.2343107953437675
507,HD 66428,HD 66428 c,2023-06-12,2,16.204,10.4725,-4.4335,4571.008149475,4037.056425715,-2708.056941845,0.2635,0.1635,-0.129,0.0,80.61441569595354,-78.45491158620982,05d+-,0.0,80.61441569595354,-78.45491158620982,0.10687828112235888,,0.17152923473541568,0.5020257542880566,1.2343107953437675
515,HD 72659,HD 72659 b,2023-06-12,2,4.6715,0.097,-0.097,975.71585,60.3877,-44.4962,0.253,0.0289999999999999,-0.0284999999999999,-63.304,40.13617271240496,-39.84509642352494,05d+-,-63.304,40.13617271240496,-39.84509642352494,0.05257422353426104,,0.00774759306336372,0.014738770495220486,0.027842110244549544
516,HD 72659,HD 72659 c,2023-06-12,2,13.959,0.884,-0.861,5977.08102204,1411.79378389,-1524.30503997,0.091,0.055,-0.048,0.0,6.174456413320932,-3.787263920035148,05d+-,0.0,6.174456413320932,-3.787263920035148,0.05257422353426104,,0.00774759306336372,0.014738770495220486,0.027842110244549544
517,HD 73267,HD 73267 b,2023-06-12,2,2.1965,0.0245,-0.025,1152.925013155,118.220572585,-92.476471615,0.2585,0.00705,-0.0069999999999999,-2.997,19.52859692860703,-22.31989921572228,05d+-,-2.997,19.52859692860703,-22.31989921572228,0.013413389961196318,,0.0261824436819214,0.06356765385859853,0.1631405604622011
518,HD 73267,HD 73267 c,2024-04-19,2,11.844,1.5655,-1.5060000000000002,1514.61127356,415.08389954,-219.619429235,0.1115,0.0715,-0.0584999999999999,0.0,20.213354446998647,-28.98996381508608,05d+-,0.0,20.213354446998647,-28.98996381508608,0.013413389961196318,,0.0261824436819214,0.06356765385859853,0.1631405604622011
524,HD 73583,HD 73583 b,2024-02-21,2,0.0604,0.002,-0.002,13.05,4.35,-3.5,0.192,0.11,-0.061,0.2369999999999947,0.4441846462902561,-0.5094173141933831,05d+-,0.2369999999999947,0.4441846462902561,-0.5094173141933831,0.009122619394038545,,0.005274087303313917,0.012184399070024879,0.02300974050080901
525,HD 73583,HD 73583 c,2024-02-21,2,0.12375,0.0034999999999999,-0.00345,16.1,3.4,-3.6,0.0865,0.12,-0.063,0.0,0.3252691193458119,-0.3606244584051392,05d+-,0.0,0.3252691193458119,-0.3606244584051392,0.009122619394038545,,0.005274087303313917,0.012184399070024879,0.02300974050080901
619,K2-138,K2-138 b,2021-03-12,6,0.0338,0.00024,-0.00029,3.1,1.05,-1.05,0.2255,0.054,-0.033,1.5,1.63783393541592,-1.6352675622050357,05d+-,1.5,1.63783393541592,-1.6352675622050357,0.01569699903227473,,0.012226333424945012,0.016191831973250997,0.020948873022615385
620,K2-138,K2-138 c,2021-03-12,6,0.04454,0.00032,-0.00038,6.31,1.13,-1.23,0.1704999999999999,0.051,-0.032,0.6000000000000085,1.103856874780422,-1.1150784725749123,05d+-,0.6000000000000085,1.103856874780422,-1.1150784725749123,0.01569699903227473,,0.012226333424945012,0.016191831973250997,0.020948873022615385
621,K2-138,K2-138 d,2021-03-12,6,0.05883,0.00042,-0.0005,7.92,1.39,-1.35,0.1954999999999999,0.041,-0.03,-0.2999999999999971,0.8697700845625814,-0.9300537618869136,05d+-,-0.2999999999999971,0.8697700845625814,-0.9300537618869136,0.01569699903227473,,0.012226333424945012,0.016191831973250997,0.020948873022615385
622,K2-138,K2-138 e,2023-12-14,6,0.0782,0.00056,-0.00066,12.97,1.98,-1.99,0.196,0.048,-0.049,0.0,0.8626702730475879,-0.7778174593052023,05d+-,0.0,0.8626702730475879,-0.7778174593052023,0.01569699903227473,,0.012226333424945012,0.016191831973250997,0.020948873022615385
623,K2-138,K2-138 f,2021-03-12,6,0.10447,0.00074,-0.00088,1.63,2.12,-1.18,0.213,0.064,-0.043,-0.289999999999992,0.7463243262818116,-0.6519202405202649,05d+-,-0.289999999999992,0.7463243262818116,-0.6519202405202649,0.01569699903227473,,0.012226333424945012,0.016191831973250997,0.020948873022615385
624,K2-138,K2-138 g,2021-03-12,6,0.229895,0.0132199999999999,-0.01253,4.32,5.26,-3.03,0.059,0.063,-0.04,-0.644999999999996,0.6611542936410532,-0.5869625200981746,05d+-,-0.644999999999996,0.6611542936410532,-0.5869625200981746,0.01569699903227473,,0.012226333424945012,0.016191831973250997,0.020948873022615385
627,K2-146,K2-146 b,2021-07-12,2,0.0252271460900559,0.0002,-0.0002,5.685,0.4399999999999999,-0.4399999999999999,0.1345,0.0445,-0.0445,-1.440000000000012,0.208086520466848,-0.208086520466848,05d+-,-1.440000000000012,0.208086520466848,-0.208086520466848,0.007925209582229501,,0.002848782738029567,0.0069652659008275775,0.012949788221240991
628,K2-146,K2-146 c,2021-07-12,2,0.0334205410157378,0.0006,-0.0006,7.295,0.5700000000000001,-0.5700000000000001,0.1175,0.043,-0.043,0.0,0.2404163056034261,-0.2404163056034261,05d+-,0.0,0.2404163056034261,-0.2404163056034261,0.007925209582229501,,0.002848782738029567,0.0069652659008275775,0.012949788221240991
681,K2-199,K2-199 b,2022-03-28,2,0.0382,0.00035,-0.00035,6.9,1.8,-1.8,0.02,0.03,-0.02,0.9019799999999948,1.5561450640926764,-2.699713323540112,05d+-,0.9019799999999948,1.5561450640926764,-2.699713323540112,0.0004126828676537586,,0.000600263774859769,0.00146809738324811,0.003231433904384959
682,K2-199,K2-199 c,2024-03-04,2,0.0665802403106013,0.0006,-0.0006,12.4,2.3,-2.3,0.03,0.06,-0.03,0.0,1.112448672433924,-1.7697044255468202,05d+-,0.0,1.112448672433924,-1.7697044255468202,0.0004126828676537586,,0.000600263774859769,0.00146809738324811,0.003231433904384959
735,K2-3,K2-3 b,2024-12-10,3,0.0769,0.0029,-0.0029,6.54,1.05,-1.045,0.06,0.0584999999999999,-0.0595,0.0,0.4101219330881976,-0.4384062043356594,05d+-,0.0,0.4101219330881976,-0.4384062043356594,0.001317408367877922,,0.0011633734544434175,0.002908203354642367,0.005928659845227432
736,K2-3,K2-3 c,2023-07-10,3,0.1399,0.0052499999999999,-0.0052499999999999,2.89,1.2,-1.2,0.04,0.0564999999999999,-0.0375,-0.2760000000000104,0.3288236609491476,-0.3535533905932738,05d+-,-0.2760000000000104,0.3288236609491476,-0.3535533905932738,0.001317408367877922,,0.0011633734544434175,0.002908203354642367,0.005928659845227432
737,K2-3,K2-3 d,2023-07-10,3,0.2076,0.0086,-0.0086,2.500034135,3.25,-3.25,0.045,0.0824999999999999,-0.0545,-0.2939999999999969,0.3198827910344662,-0.3361547262794322,05d+-,-0.2939999999999969,0.3198827910344662,-0.3361547262794322,0.001317408367877922,,0.0011633734544434175,0.002908203354642367,0.005928659845227432
740,K2-32,K2-32 b,2021-05-17,4,0.08036,0.00089,-0.00089,16.5,2.7,-2.7,0.0,0.032,-0.021,0.0,0.8577488098505296,-1.218797532324381,05d+-,0.0,0.8577488098505296,-1.218797532324381,4.323839508499887e-05,,0.0003565676207777461,0.0007325190137628871,0.0013762051814526408
741,K2-32,K2-32 c,2021-05-17,4,0.1399,0.0016,-0.0016,8.1,2.4,-2.4,0.0,0.046,-0.035,-0.2747399999999942,0.7926815547872929,-1.2510075748771468,05d+-,-0.2747399999999942,0.7926815547872929,-1.2510075748771468,4.323839508499887e-05,,0.0003565676207777461,0.0007325190137628871,0.0013762051814526408
742,K2-32,K2-32 d,2021-05-17,4,0.1862,0.0021,-0.0021,10.3,3.6,-3.6,0.0,0.053,-0.035,-0.3454200000000043,0.7664055720047969,-1.0794599169955317,05d+-,-0.3454200000000043,0.7664055720047969,-1.0794599169955317,4.323839508499887e-05,,0.0003565676207777461,0.0007325190137628871,0.0013762051814526408
743,K2-32,K2-32 e,2021-05-17,4,0.04899,0.00048,-0.000465,2.1,1.3,-1.1,0.043,0.048,-0.03,0.0,0.9262108347455236,-1.1102854193404506,05d+-,0.0,0.9262108347455236,-1.1102854193404506,4.323839508499887e-05,,0.0003565676207777461,0.0007325190137628871,0.0013762051814526408
767,K2-38,K2-38 b,2023-04-17,2,0.0504499999999999,0.000715,-0.000715,9.85,2.05,-2.0,0.1535,0.067,-0.06,0.0,1.4495689014324225,-1.85969083452062,05d+-,0.0,1.4495689014324225,-1.85969083452062,0.009595275918523818,,0.005749233565377459,0.01190840747859925,0.021183200056096828
768,K2-38,K2-38 c,2023-04-17,2,0.0964,0.0014,-0.0014,8.3,1.4,-1.3,0.1235,0.096,-0.078,0.1399999999999863,1.0708524641611468,-1.344479453171375,05d+-,0.1399999999999863,1.0708524641611468,-1.344479453171375,0.009595275918523818,,0.005749233565377459,0.01190840747859925,0.021183200056096828
837,KOI-134,KOI-134 b,2025-07-17,2,0.3582,0.00646,-0.00746,346.43296363,38.13940884,-25.42627256,0.0,0.02,-0.03,0.0,0.1838477631085023,-0.1315218613006978,05d+-,0.0,0.1838477631085023,-0.1315218613006978,0.008428923410764974,,0.0061331139336803005,0.008930679432379364,0.012500934423067689
838,KOI-134,KOI-134 c,2025-07-17,2,0.2305,0.0069,-0.0081,69.92224954,5.40308292,-6.67439655,0.24,0.12,-0.03,14.579999999999998,2.902912330746487,-2.7016011918860268,05d+-,14.579999999999998,2.902912330746487,-2.7016011918860268,0.008428923410764974,,0.0061331139336803005,0.008930679432379364,0.012500934423067689
861,KOI-94,KOI-94 b,2025-04-16,4,0.04984,0.00053,-0.00053,10.5,4.2018194,-4.2018194,0.0,0.17,-0.17,3.67049999999999,0.5824946351684279,-0.5824946351684279,05d+-,3.67049999999999,0.5824946351684279,-0.5824946351684279,0.00012003771591898263,,0.002051548361911182,0.005400162762816473,0.01290053470660018
862,KOI-94,KOI-94 c,2025-04-16,4,0.0986565029051106,0.001045,-0.001045,9.4,3.0,-2.4,0.0,0.23,-0.23,0.5204999999999984,0.4195283065539201,-0.428640000466592,05d+-,0.5204999999999984,0.4195283065539201,-0.428640000466592,0.00012003771591898263,,0.002051548361911182,0.005400162762816473,0.01290053470660018
863,KOI-94,KOI-94 d,2025-04-16,4,0.1641937032649631,0.00176,-0.00176,72.9,8.66863675,-7.1,0.0,0.038,-0.038,0.0,0.1697056274847714,-0.1697056274847714,05d+-,0.0,0.1697056274847714,-0.1697056274847714,0.00012003771591898263,,0.002051548361911182,0.005400162762816473,0.01290053470660018
864,KOI-94,KOI-94 e,2025-04-16,4,0.296620719696218,0.003195,-0.003195,11.745,5.32872851,-5.12872851,0.0,0.23,-0.23,0.1404999999999887,0.15556670594957,-0.1543016526159068,05d+-,0.1404999999999887,0.15556670594957,-0.1543016526159068,0.00012003771591898263,,0.002051548361911182,0.005400162762816473,0.01290053470660018
885,Kepler-103,Kepler-103 b,2024-12-05,2,0.128,0.00127,-0.001495,9.8,6.86909026,-6.86909026,0.0,0.2,-0.03,0.3499999999999943,0.1404599587070991,-0.0906035319399856,05d+-,0.3499999999999943,0.1404599587070991,-0.0906035319399856,2.0163974821074117e-06,,0.0006681911011437044,0.003227311226105243,0.010660963603947747
886,Kepler-103,Kepler-103 c,2024-12-05,2,0.6425,0.006475,-0.007475,36.1,18.57388142,-18.57388142,0.0,0.19,-0.02,0.0,0.1697056274847714,-0.0777817459305202,05d+-,0.0,0.1697056274847714,-0.0777817459305202,2.0163974821074117e-06,,0.0006681911011437044,0.003227311226105243,0.010660963603947747
917,Kepler-109,Kepler-109 b,2024-12-05,2,0.069,0.001275,-0.001275,4.9,3.93455316,-3.93455316,0.0,0.09,-0.21,1.7150000000000034,0.2195449840010014,-0.2195449840010014,05d+-,1.7150000000000034,0.2195449840010014,-0.2195449840010014,0.00012841305100247434,,0.0013008065327993507,0.005095943296024391,0.014504218911988774
918,Kepler-109,Kepler-109 c,2024-12-05,2,0.15255,0.00282,-0.00282,8.2,5.8300808,-5.8300808,0.0,0.19,-0.03,0.0,0.268700576850888,-0.268700576850888,05d+-,0.0,0.268700576850888,-0.268700576850888,0.00012841305100247434,,0.0013008065327993507,0.005095943296024391,0.014504218911988774
923,Kepler-11,Kepler-11 b,2025-04-16,6,0.09211825495,0.00106,-0.00106,3.24,1.64,-1.155,0.0,0.0475,-0.0295,0.0,0.6913935203630418,-0.4110960958218893,05d+-,0.0,0.6913935203630418,-0.4110960958218893,1.6056066449371443e-05,,9.903058968039665e-05,0.00029778698773687826,0.0009613502741966481
924,Kepler-11,Kepler-11 c,2025-04-16,6,0.10785117215,0.00121,-0.00121,5.2517,3.6,-2.9,0.0,0.0375,-0.012,0.0,0.7159958100436062,-0.401621712560464,05d+-,0.0,0.7159958100436062,-0.401621712560464,1.6056066449371443e-05,,9.903058968039665e-05,0.00029778698773687826,0.0009613502741966481
925,Kepler-11,Kepler-11 d,2025-04-16,6,0.156105667,0.00176,-0.00176,7.24,1.63,-1.63,0.0,0.007,-0.0025,0.0,0.3858108344772085,-0.3087069808086626,05d+-,0.0,0.3858108344772085,-0.3087069808086626,1.6056066449371443e-05,,9.903058968039665e-05,0.00029778698773687826,0.0009613502741966481
926,Kepler-11,Kepler-11 e,2025-04-16,6,0.1955,0.00222,-0.00222,7.94932235,1.99,-1.95,0.0,0.005,-0.006,0.8500000000000085,0.1665082580534671,-0.170293863659264,05d+-,0.8500000000000085,0.1665082580534671,-0.170293863659264,1.6056066449371443e-05,,9.903058968039665e-05,0.00029778698773687826,0.0009613502741966481
927,Kepler-11,Kepler-11 f,2025-04-16,6,0.252,0.00287,-0.00287,2.12,1.25,-1.1,0.0,0.0104999999999999,-0.0065,0.5700000000000074,0.2110094784600919,-0.1769180601295413,05d+-,0.5700000000000074,0.2110094784600919,-0.1769180601295413,1.6056066449371443e-05,,9.903058968039665e-05,0.00029778698773687826,0.0009613502741966481
928,Kepler-11,Kepler-11 g,2025-04-16,6,0.4696205373,0.00528,-0.00528,25.13,29.20497395,-14.32497395,0.0,0.052,-0.032,0.0,0.1767766952966369,-0.1838477631085023,05d+-,0.0,0.1767766952966369,-0.1838477631085023,1.6056066449371443e-05,,9.903058968039665e-05,0.00029778698773687826,0.0009613502741966481
959,Kepler-117,Kepler-117 b,2025-04-16,2,0.1454735525105405,0.00325,-0.0015999999999999,30.6375,7.944,-8.094,0.0,0.0062,-0.0062,1.1550000000000011,0.1562049935181331,-0.1562049935181331,05d+-,1.1550000000000011,0.1562049935181331,-0.1562049935181331,6.2319873690654435e-06,,7.754799898257498e-06,1.2883209566208447e-05,2.2450336931594675e-05
960,Kepler-117,Kepler-117 c,2025-04-16,2,0.2812039180006918,0.00637,-0.00317,696.39,44.605,-45.605,0.0,0.0033,-0.0033,0.0,0.1414213562373095,-0.1414213562373095,05d+-,0.0,0.1414213562373095,-0.1414213562373095,6.2319873690654435e-06,,7.754799898257498e-06,1.2883209566208447e-05,2.2450336931594675e-05
1037,Kepler-138,Kepler-138 b,2025-07-17,4,0.075,0.00195,-0.00195,0.1285,0.0545,-0.0435,0.0,0.009,-0.0044,-0.7000000000000028,0.1665082580534671,-0.1523975065412817,05d+-,-0.7000000000000028,0.1665082580534671,-0.1523975065412817,0.0009014573991660302,,0.0005940946003131748,0.0010345731864299088,0.001718084197553922
1038,Kepler-138,Kepler-138 c,2025-07-17,4,0.09115,0.00324,-0.00324,2.3,1.51,-1.12,0.0,0.0285,-0.0085,0.0,0.1555634918610404,-0.1414213562373095,05d+-,0.0,0.1555634918610404,-0.1414213562373095,0.0009014573991660302,,0.0005940946003131748,0.0010345731864299088,0.001718084197553922
1039,Kepler-138,Kepler-138 d,2025-07-17,4,0.127905,0.00456,-0.00456,1.09,0.51,-0.3635,0.0,0.0174999999999999,-0.0075,0.3999999999999915,0.1257815566766447,-0.1171366723105962,05d+-,0.3999999999999915,0.1257815566766447,-0.1171366723105962,0.0009014573991660302,,0.0005940946003131748,0.0010345731864299088,0.001718084197553922
1040,Kepler-138,Kepler-138 e,2023-01-04,4,0.1803,0.0014,-0.0014,0.43,0.21,-0.1,0.112,0.018,-0.024,0.6799999999999926,1.0060318086422515,-1.004987562112089,05d+-,0.6799999999999926,1.0060318086422515,-1.004987562112089,0.0009014573991660302,,0.0005940946003131748,0.0010345731864299088,0.001718084197553922
1270,Kepler-1972,Kepler-1972 b,2024-12-05,2,0.0794,0.00051,-0.00051,2.02,0.56,-0.62,0.0,0.071,-0.04,6.299999999999997,0.7495331880577404,-0.5255473337388366,05d+-,6.299999999999997,0.7495331880577404,-0.5255473337388366,0.002749968486622713,,0.0025503251942185718,0.003625995691300808,0.005136468204152951
1271,Kepler-1972,Kepler-1972 c,2024-12-05,2,0.1041,0.00067,-0.00067,2.11,0.59,-0.65,0.0,0.046,-0.028,0.0,0.2404163056034262,-0.268700576850888,05d+-,0.0,0.2404163056034262,-0.268700576850888,0.002749968486622713,,0.0025503251942185718,0.003625995691300808,0.005136468204152951
1583,Kepler-30,Kepler-30 b,2024-12-05,3,0.18301,0.00124,-0.00124,37.433,1.4,-1.4,0.0,0.003,-0.003,0.5700000000000074,0.1682172404957351,-0.1682172404957351,05d+-,0.5700000000000074,0.1682172404957351,-0.1682172404957351,3.0488419452094706e-07,,1.0701582297892608e-06,5.009269241487879e-06,1.9320997284093768e-05
1584,Kepler-30,Kepler-30 c,2024-12-05,3,0.2998,0.00199,-0.00199,1121.9,50.0,-50.0,0.0,0.001,-0.001,0.0,0.0363329051962542,-0.0363329051962542,05d+-,0.0,0.0363329051962542,-0.0363329051962542,3.0488419452094706e-07,,1.0701582297892608e-06,5.009269241487879e-06,1.9320997284093768e-05
1585,Kepler-30,Kepler-30 d,2024-12-05,3,0.5266035363680446,0.0035,-0.0035,2713.105,2.7,-2.7,0.0,0.005,-0.005,0.0,0.0285671139599365,-0.0285671139599365,05d+-,0.0,0.0285671139599365,-0.0285671139599365,3.0488419452094706e-07,,1.0701582297892608e-06,5.009269241487879e-06,1.9320997284093768e-05
1862,Kepler-411,Kepler-411 b,2024-12-05,4,0.038,0.0008,-0.0008,25.6,2.6,-2.6,0.0,0.1775,-0.002,1.0100000000000051,0.9158738996171908,-0.9658286597528573,05d+-,1.0100000000000051,0.9158738996171908,-0.9658286597528573,0.00011043311290334512,,0.00017773980155285857,0.0005277040449055211,0.001785116627992566
1863,Kepler-411,Kepler-411 c,2024-12-05,4,0.0722895614999999,0.00069,-0.00069,26.4,5.9,-5.9,0.0,0.003,-0.004,0.0,0.0565685424949238,-0.0565685424949238,05d+-,0.0,0.0565685424949238,-0.0565685424949238,0.00011043311290334512,,0.00017773980155285857,0.0005277040449055211,0.001785116627992566
1864,Kepler-411,Kepler-411 d,2024-12-05,4,0.2757,0.002715,-0.002715,15.2,5.1,-5.1,0.0,0.003,-0.003,0.4699999999999988,0.0447213595499957,-0.0447213595499957,05d+-,0.4699999999999988,0.0447213595499957,-0.0447213595499957,0.00011043311290334512,,0.00017773980155285857,0.0005277040449055211,0.001785116627992566
1865,Kepler-411,Kepler-411 e,2019-07-03,4,0.186,0.003,-0.003,10.8,1.1,-1.1,0.016,0.002,-0.001,1.2399999999999949,0.0447213595499957,-0.0447213595499957,05d+-,1.2399999999999949,0.0447213595499957,-0.0447213595499957,0.00011043311290334512,,0.00017773980155285857,0.0005277040449055211,0.001785116627992566
1877,Kepler-419,Kepler-419 b,2024-12-05,2,0.363,0.0064,-0.006,807.2507,171.6037,-166.83625,0.0,0.0499999999999999,-0.055,-0.9500000000000028,3.003264890082125,-2.0072119967756272,05d+-,-0.9500000000000028,3.003264890082125,-2.0072119967756272,0.014715927098101886,,0.014895697063983677,0.01589016573071657,0.018253095335561485
1878,Kepler-419,Kepler-419 c,2014-06-25,2,1.68,0.03,-0.03,2320.1,127.1,-127.1,0.184,0.002,-0.002,0.0,4.242640687119285,-2.8284271247461903,05d+-,0.0,4.242640687119285,-2.8284271247461903,0.014715927098101886,,0.014895697063983677,0.01589016573071657,0.018253095335561485
1914,Kepler-47,Kepler-47 b,2019-04-22,3,0.29195,0.0029,-0.0029,319.035,23.7,-2.07,0.028,0.0025,-0.0022,0.2827499999999929,0.2815933459796236,-0.1027456081786467,05d+-,0.2827499999999929,0.2815933459796236,-0.1027456081786467,0.025162248548487698,,0.02016579449077962,0.025250661923261104,0.03089369858967982
1915,Kepler-47,Kepler-47 c,2019-04-22,3,0.9774,0.00955,-0.0102,4451.085,2.18,-1.25,0.2274999999999999,0.029,-0.019,0.0,0.0102530483272049,-0.0100409162928489,05d+-,0.0,0.0102530483272049,-0.0100409162928489,0.025162248548487698,,0.02016579449077962,0.025250661923261104,0.03089369858967982
1916,Kepler-47,Kepler-47 d,2019-04-22,3,0.6992,0.0031,-0.0033,19.02,23.84,-11.67,0.024,0.025,-0.017,-0.386250000000004,0.0115569243313262,-0.0139430986513041,05d+-,-0.386250000000004,0.0115569243313262,-0.0139430986513041,0.025162248548487698,,0.02016579449077962,0.025250661923261104,0.03089369858967982
2053,Kepler-79,Kepler-79 b,2025-04-16,4,0.117,0.001555,-0.001555,12.5,4.5,-3.6,0.0,0.012,-0.006,0.0,0.0989949493661166,-0.1272792206135785,05d+-,0.0,0.0989949493661166,-0.1272792206135785,1.5517814122886353e-07,,9.806757904570953e-05,0.00027932485173366543,0.0006950740510901171
2054,Kepler-79,Kepler-79 c,2025-04-16,4,0.1869319957038666,0.001895,-0.002395,9.5,1.9,-2.1,0.0,0.027,-0.021,0.0,0.0989949493661166,-0.1272792206135785,05d+-,0.0,0.0989949493661166,-0.1272792206135785,1.5517814122886353e-07,,9.806757904570953e-05,0.00027932485173366543,0.0006950740510901171
2055,Kepler-79,Kepler-79 d,2025-04-16,4,0.2878860131730471,0.003355,-0.003355,10.75,1.9,-1.6,0.0,0.059,-0.023,0.0,0.0989949493661166,-0.0948683298050513,05d+-,0.0,0.0989949493661166,-0.0948683298050513,1.5517814122886353e-07,,9.806757904570953e-05,0.00027932485173366543,0.0006950740510901171
2056,Kepler-79,Kepler-79 e,2025-04-16,4,0.3871787329935915,0.00434,-0.00434,5.97,1.0,-0.8,0.0,0.044,-0.005,0.0700000000000073,0.0728010988928051,-0.0921954445729288,05d+-,0.0700000000000073,0.0728010988928051,-0.0921954445729288,1.5517814122886353e-07,,9.806757904570953e-05,0.00027932485173366543,0.0006950740510901171
2091,Kepler-87,Kepler-87 b,2019-04-16,2,0.4612672048947537,0.026,-0.028,324.2,8.8,-8.8,0.0,0.009,-0.009,0.0,0.0480832611206852,-0.0424264068711928,05d+-,0.0,0.0480832611206852,-0.0424264068711928,1.6091425085420886e-06,,2.01670526916331e-06,1.8789760491078056e-05,8.061240220614607e-05
2092,Kepler-87,Kepler-87 c,2018-09-25,2,1.33715,0.037,-0.04,6.4,0.8,-0.8,0.0,0.012,-0.012,-0.5700000000000074,0.0460108682813093,-0.0403608721412211,05d+-,-0.5700000000000074,0.0460108682813093,-0.0403608721412211,1.6091425085420886e-06,,2.01670526916331e-06,1.8789760491078056e-05,8.061240220614607e-05
2153,LTT 1445 A,LTT 1445 A b,2025-04-07,2,0.0380312286675782,0.00068,-0.00071,2.525,0.255,-0.25,0.185,0.35,-0.14,0.0,0.5798275605729689,-0.6505382386916237,05d+-,0.0,0.5798275605729689,-0.6505382386916237,0.014978214857795595,,0.0063900482854401825,0.02597170708721527,0.082728825793283
2154,LTT 1445 A,LTT 1445 A c,2025-04-07,2,0.02659,0.00047,-0.00049,1.37,0.19,-0.19,0.1365,0.05,-0.03,1.9699999999999989,0.4477722635447622,-0.543783044972901,05d+-,1.9699999999999989,0.4477722635447622,-0.543783044972901,0.014978214857795595,,0.0063900482854401825,0.02597170708721527,0.082728825793283
2155,LTT 3780,LTT 3780 b,2024-03-26,2,0.01199,0.00028,-0.00029,2.465,0.24,-0.235,0.016,0.051,-0.032,3.030000000000001,0.9646242791885348,-0.7021573897638621,05d+-,3.030000000000001,0.9646242791885348,-0.7021573897638621,0.001071951443438777,,0.0005151974749441314,0.0016527479777227688,0.004432569887516577
2156,LTT 3780,LTT 3780 c,2024-03-26,2,0.0762,0.0018,-0.0018,7.529999999999999,0.6599999999999999,-0.64,0.045,0.051,-0.041,0.0,0.4101219330881975,-0.2474873734152916,05d+-,0.0,0.4101219330881975,-0.2474873734152916,0.001071951443438777,,0.0005151974749441314,0.0016527479777227688,0.004432569887516577
2171,PDS 70,PDS 70 b,2020-07-06,2,21.3,2.0,-2.0,1748.065,1112.405,-1112.405,0.11,0.185,-0.06,-54.70000000000002,12.661062356690294,-12.043255373859678,05d+-,-54.70000000000002,12.661062356690294,-12.043255373859678,0.17804406583667828,,0.006131482299246711,0.0194028439710498,0.04534148813820515
2172,PDS 70,PDS 70 c,2020-07-06,2,34.25,4.0,-2.5,1984.76692461,992.383462305,-992.383462305,0.11,0.12,-0.06,0.0,9.899494936611664,-9.899494936611664,05d+-,0.0,9.899494936611664,-9.899494936611664,0.17804406583667828,,0.006131482299246711,0.0194028439710498,0.04534148813820515
2190,TOI-1064,TOI-1064 b,2024-05-08,2,0.06152,0.00086,-0.00089,13.5,1.7,-1.8,0.047,0.038,-0.03,0.0,0.1173797256769669,-0.1371787155501902,05d+-,0.0,0.1173797256769669,-0.1371787155501902,0.0016382951902955724,,0.00023905756876344778,0.0012756705808862903,0.003422226738622176
2191,TOI-1064,TOI-1064 c,2024-05-08,2,0.09429,0.00132,-0.00136,2.5,1.8,-2.0,0.088,0.081,-0.064,-0.7459999999999951,0.1012570985165978,-0.1120044641967453,05d+-,-0.7459999999999951,0.1012570985165978,-0.1120044641967453,0.0016382951902955724,,0.00023905756876344778,0.0012756705808862903,0.003422226738622176
2195,TOI-1130,TOI-1130 b,2025-07-29,2,0.044255,0.00035,-0.00036,19.54,0.585,-0.635,0.13705,0.05575,-0.05575,-0.4599999999999937,0.5797413216254298,-0.39,05d+-,-0.4599999999999937,0.5797413216254298,-0.39,0.001492515003970329,,0.0007194531972557187,0.0017705523992381591,0.003810654863898253
2196,TOI-1130,TOI-1130 c,2025-07-29,2,0.07098,0.00056,-0.00058,317.62821,9.15156814,-9.15156814,0.047,0.04,-0.027,0.0,0.2121320343559642,-0.2121320343559642,05d+-,0.0,0.2121320343559642,-0.2121320343559642,0.001492515003970329,,0.0007194531972557187,0.0017705523992381591,0.003810654863898253
2197,TOI-1136,TOI-1136 b,2024-07-22,6,0.05106,0.0009,-0.0009,17.25,0.8,-0.7,0.027,0.0235,-0.015,2.9200000000000017,0.5341582162618114,-0.4952272205765753,05d+-,2.9200000000000017,0.5341582162618114,-0.4952272205765753,0.0009311211945260359,,0.0007790778390349212,0.0010204374906636095,0.0013210140299488359
2198,TOI-1136,TOI-1136 c,2024-07-22,6,0.0669,0.00075,-0.00075,6.96,3.1,-3.15,0.11,0.019,-0.019,0.2300000000000039,0.6269968101992226,-0.8257420904858853,05d+-,0.2300000000000039,0.6269968101992226,-0.8257420904858853,0.0009311211945260359,,0.0007790778390349212,0.0010204374906636095,0.0013210140299488359
2199,TOI-1136,TOI-1136 d,2025-04-07,6,0.1062,0.0014,-0.0014,10.325,4.3,-4.3,0.016,0.0085,-0.007,0.0349999999999965,0.498196748283246,-0.4830372656431386,05d+-,0.0349999999999965,0.498196748283246,-0.4830372656431386,0.0009311211945260359,,0.0007790778390349212,0.0010204374906636095,0.0013210140299488359
2200,TOI-1136,TOI-1136 e,2024-09-30,6,0.1393815576322771,0.002,-0.002,15.035,1.09,-1.01,0.0425,0.007,-0.0085,0.0850000000000079,0.4904079934095691,-0.4436496365376624,05d+-,0.0850000000000079,0.4904079934095691,-0.4436496365376624,0.0009311211945260359,,0.0007790778390349212,0.0010204374906636095,0.0013210140299488359
2201,TOI-1136,TOI-1136 f,2024-07-22,6,0.174,0.0025,-0.0025,20.85,3.9,-3.7,0.001,0.01,-0.00535,0.0,0.4384062043356594,-0.4030508652763321,05d+-,0.0,0.4384062043356594,-0.4030508652763321,0.0009311211945260359,,0.0007790778390349212,0.0010204374906636095,0.0013210140299488359
2202,TOI-1136,TOI-1136 g,2024-07-22,6,0.229,0.0035,-0.0035,8.899999999999999,6.7,-6.4,0.036,0.018,-0.0139999999999999,-0.2349999999999994,0.3920459156782532,-0.3570014005574768,05d+-,-0.2349999999999994,0.3920459156782532,-0.3570014005574768,0.0009311211945260359,,0.0007790778390349212,0.0010204374906636095,0.0013210140299488359
2211,TOI-125,TOI-125 b,2024-03-04,3,0.0521,0.0008799999999999,-0.0007949999999999,9.5,0.88,-0.88,0.194,0.041,-0.036,-0.125,0.7324616030891995,-0.6082762530298219,05d+-,-0.125,0.7324616030891995,-0.6082762530298219,0.012848391387675372,,0.00803535441316672,0.013733094179864139,0.02251647876647196
2212,TOI-125,TOI-125 c,2024-10-14,3,0.0818,0.00135,-0.0013,6.63,0.99,-0.99,0.066,0.07,-0.047,0.2549999999999954,0.4477722635447622,-0.2147091055358388,05d+-,0.2549999999999954,0.4477722635447622,-0.2147091055358388,0.012848391387675372,,0.00803535441316672,0.013733094179864139,0.02251647876647196
2213,TOI-125,TOI-125 d,2023-10-21,3,0.137,0.0022,-0.0022,13.6,1.2,-1.2,0.168,0.088,-0.062,0.0,0.2545584412271571,-0.1414213562373095,05d+-,0.0,0.2545584412271571,-0.1414213562373095,0.012848391387675372,,0.00803535441316672,0.013733094179864139,0.02251647876647196
2226,TOI-1338 A,TOI-1338 A b,2024-08-16,2,0.4607,0.0086,-0.0088,21.8,2.1,-2.1,0.088,0.0043,-0.0033,7.067999999999998,6.702457926014903,-6.801379933513492,05d+-,7.067999999999998,6.702457926014903,-6.801379933513492,0.006144065658821455,,0.007300300151058577,0.014221082609551735,0.03074591686028998
2227,TOI-1338 A,TOI-1338 A c,2024-08-07,2,0.7596976682726775,0.016,-0.016,70.30000000000001,7.9,-7.7,0.0985,0.032,-0.026,0.0,9.475230867899738,-9.616652224137043,05d+-,0.0,9.475230867899738,-9.616652224137043,0.006144065658821455,,0.007300300151058577,0.014221082609551735,0.03074591686028998
2232,TOI-1408,TOI-1408 b,2025-08-07,2,0.05791,0.00015,-0.00015,565.065003915,33.7828407,-33.7828407,0.13065,0.01325,-0.01325,0.0,0.207889393668845,-0.207889393668845,05d+-,0.0,0.207889393668845,-0.207889393668845,0.008579563069476217,,0.00696020914400732,0.008594901201620325,0.010400914347692795
2233,TOI-1408,TOI-1408 c,2024-10-14,2,0.03587,8e-05,-8e-05,7.6,0.2,-0.2,0.1353,0.0001,-0.0001,1.0005000000000166,0.3340793318958837,-0.3340793318958837,05d+-,1.0005000000000166,0.3340793318958837,-0.3340793318958837,0.008579563069476217,,0.00696020914400732,0.008594901201620325,0.010400914347692795
2240,TOI-1468,TOI-1468 b,2025-06-11,2,0.0210454280471553,0.00016,-0.00016,3.125,0.35,-0.35,0.0099,0.018,-0.005,1.1325000000000074,0.3896100614717233,-0.3187118604633345,05d+-,1.1325000000000074,0.3896100614717233,-0.3187118604633345,0.004852812496106294,,0.0010901515559602188,0.007312884325277884,0.02300657141493577
2241,TOI-1468,TOI-1468 c,2025-06-11,2,0.085985577005462,0.00065,-0.00065,5.369999999999999,0.885,-0.8900000000000001,0.111,0.15,-0.084,0.0,0.1216223663640861,-0.0685893577750951,05d+-,0.0,0.1216223663640861,-0.0685893577750951,0.004852812496106294,,0.0010901515559602188,0.007312884325277884,0.02300657141493577
2273,TOI-201,TOI-201 b,2025-08-07,2,0.3026,0.01105,-0.01605,158.91453803,19.069744245000003,-14.461216415,0.28,0.06,-0.09,1.082499999999996,0.0756984147786464,-0.0730068489937759,05d+-,1.082499999999996,0.0756984147786464,-0.0730068489937759,0.232334680593428,,0.2201804204863998,0.2323775049854036,0.24501880364075798
2274,TOI-201,TOI-201 c,2025-08-07,2,4.28,0.36,-0.21,4513.1633794,317.828407,-381.3940884,0.643,0.009,-0.021,0.0,0.0424264068711928,-0.0240416305603426,05d+-,0.0,0.0424264068711928,-0.0240416305603426,0.232334680593428,,0.2201804204863998,0.2323775049854036,0.24501880364075798
2275,TOI-2015,TOI-2015 b,2025-04-21,2,0.029711,0.0006515,-0.0006014999999999,12.8,2.21,-2.225,0.03945,0.0018,-0.0016,0.0,0.0989949493661166,-0.1060660171779821,05d+-,0.0,0.0989949493661166,-0.1060660171779821,0.0007246020174588556,,0.0006463168124986351,0.0007269796395283556,0.0008147985177308897
2276,TOI-2015,TOI-2015 c,2025-03-09,2,0.041232,4e-06,-4e-06,8.91,0.38,-0.4,0.00033,0.0003,-0.0002,2.0799999999999983,0.278926513619627,-0.2514458192136031,05d+-,2.0799999999999983,0.278926513619627,-0.2514458192136031,0.0007246020174588556,,0.0006463168124986351,0.0007269796395283556,0.0008147985177308897
2287,TOI-216,TOI-216.01,2024-09-16,2,0.2069,0.0107,-0.0082,188.99195396,88.17828407,-53.17828407,0.0168,0.01985,-0.0106,0.0,0.1555634918610404,-0.1697056274847714,05d+-,0.0,0.1555634918610404,-0.1697056274847714,0.0011495023171696048,,0.0007512549100261146,0.0012820022863653255,0.0021075590698833506
2288,TOI-216,TOI-216.02,2024-03-04,2,0.1293,0.0067,-0.0051,24.375938005,10.317828405,-7.317828405,0.146,0.031,-0.0125,1.465999999999994,0.1177454882362802,-0.1379275171965333,05d+-,1.465999999999994,0.1177454882362802,-0.1379275171965333,0.0011495023171696048,,0.0007512549100261146,0.0012820022863653255,0.0021075590698833506
2289,TOI-2202,TOI-2202 b,2025-04-16,2,0.0966309323336779,0.00156,-0.00161,299.07653099000004,23.837130525,-25.235575515,0.032,0.02375,-0.01125,31.0,13.0,-11.0,0,0.0,0.5444722215136416,-2.4183051916579923,0.0018522921955150325,,0.0013578109446093034,0.002557848050163981,0.0044061770698852094
2290,TOI-2202,TOI-2202 c,2021-08-23,2,0.15544,0.00255,-0.00263,117.27868218,32.73632592,-26.57045483,0.0622,0.0452,-0.0211,31.0,13.0,-11.0,05+-,4.144999999999996,2.4306840600950177,-3.3666155111625087,0.0018522921955150325,,0.0013578109446093034,0.002557848050163981,0.0044061770698852094
2297,TOI-2525,TOI-2525 b,2024-09-30,2,0.1511,0.002,-0.002,26.69758619,1.58914204,-1.58914204,0.17,0.011,-0.01,0.4699999999999988,0.1140175425099138,-0.1140175425099138,05d+-,0.4699999999999988,0.1140175425099138,-0.1140175425099138,0.012599549922744103,,0.011543579201870288,0.012606985615948032,0.013722112028053785
2298,TOI-2525,TOI-2525 c,2024-10-14,2,0.249,0.004,-0.004,208.8132634,9.85268062,-10.17050902,0.157,0.008,-0.007,0.0,0.1272792206135785,-0.1272792206135785,05d+-,0.0,0.1272792206135785,-0.1272792206135785,0.012599549922744103,,0.011543579201870288,0.012606985615948032,0.013722112028053785
2301,TOI-270,TOI-270 b,2024-03-04,3,0.030890263734215,0.00176,-0.00296,1.58,0.26,-0.26,0.017,0.025,-0.025,0.8799999999999955,0.9013878188659972,-1.461642911247477,05d+-,0.8799999999999955,0.9013878188659972,-1.461642911247477,6.865395736181808e-05,,0.00015815045397452255,0.00033524227535066265,0.0006472134447770413
2302,TOI-270,TOI-270 c,2024-09-16,3,0.0472,0.001655,-0.001805,6.15,0.37,-0.37,0.0135,0.021,-0.021,0.0,0.4242640687119285,-0.5939696961966999,05d+-,0.0,0.4242640687119285,-0.5939696961966999,6.865395736181808e-05,,0.00015815045397452255,0.00033524227535066265,0.0006472134447770413
2303,TOI-270,TOI-270 d,2024-03-04,3,0.0733719496794615,0.0023499999999999,-0.0023499999999999,4.78,0.43,-0.43,0.0,0.023,-0.023,-0.1599999999999966,0.3399999999999999,-0.4368065933568311,05d+-,-0.1599999999999966,0.3399999999999999,-0.4368065933568311,6.865395736181808e-05,,0.00015815045397452255,0.00033524227535066265,0.0006472134447770413
2310,TOI-406,TOI-406 c,2025-05-05,2,0.0322,0.0013,-0.0013,2.08,0.23,-0.22,0.032,0.037,-0.023,1.8000000000000114,0.4242640687119285,-0.447213595499958,05d+-,1.8000000000000114,0.4242640687119285,-0.447213595499958,0.001476445768115863,,0.0005975899290158761,0.0017107681072627448,0.0037937067721303735
2311,TOI-406,TOI-406.01,2025-05-05,2,0.0832087675,0.0031,-0.0031,6.57,1.0,-0.9,0.056,0.035,-0.034,0.0,0.4242640687119285,-0.282842712474619,05d+-,0.0,0.4242640687119285,-0.282842712474619,0.001476445768115863,,0.0005975899290158761,0.0017107681072627448,0.0037937067721303735
2312,TOI-421,TOI-421 b,2024-08-07,2,0.0557,0.0014,-0.0014,6.9350000000000005,0.63,-0.63,0.1465,0.066,-0.0605,2.672999999999988,0.3683530914760998,-0.467606672321942,05d+-,2.672999999999988,0.3683530914760998,-0.467606672321942,0.011677899313458267,,0.007474866083809801,0.012241584344734328,0.018318625869922875
2313,TOI-421,TOI-421 c,2024-08-07,2,0.1189,0.00285,-0.00285,15.260000000000002,1.23,-1.22,0.152,0.042,-0.042,0.0,0.1103086578651014,-0.11879393923934,05d+-,0.0,0.1103086578651014,-0.11879393923934,0.011677899313458267,,0.007474866083809801,0.012241584344734328,0.018318625869922875
2325,TOI-4562,TOI-4562 b,2024-10-03,2,0.7866039720898247,0.005,-0.005,732.0,152.0,-149.0,0.76,0.02,-0.02,0.894999999999996,0.2110094784600919,-0.2170829334609241,05d+-,0.894999999999996,0.2110094784600919,-0.2170829334609241,0.053448506787402976,,0.04416805862471122,0.05368717050373521,0.06363794418627815
2326,TOI-4562,TOI-4562 c,2024-09-28,2,5.219,0.002,-0.002,1833.86990839,117.59651059,-177.98390792,0.122,0.027,-0.026,0.0,0.2404163056034262,-0.268700576850888,05d+-,0.0,0.2404163056034262,-0.268700576850888,0.053448506787402976,,0.04416805862471122,0.05368717050373521,0.06363794418627815
2361,TOI-776,TOI-776 b,2024-10-14,2,0.0653,0.00145,-0.00155,4.5,1.25,-1.25,0.06,0.03,-0.02,-0.1400000000000005,0.3330165161069342,-0.4254409477236529,05d+-,-0.1400000000000005,0.3330165161069342,-0.4254409477236529,0.0011754034093953176,,0.0006934918733430588,0.0012801231280223147,0.0020980825935676462
2362,TOI-776,TOI-776 c,2024-10-14,2,0.1,0.0023,-0.0024,6.1,2.2,-2.15,0.04,0.02,-0.01,0.0,0.3535533905932738,-0.2969848480983499,05d+-,0.0,0.3535533905932738,-0.2969848480983499,0.0011754034093953176,,0.0006934918733430588,0.0012801231280223147,0.0020980825935676462
2365,TOI-836,TOI-836 b,2024-09-16,2,0.0422,0.00093,-0.00093,4.53,0.92,-0.86,0.053,0.042,-0.042,1.1300000000000097,1.5632018423735303,-1.5632018423735303,05d+-,1.1300000000000097,1.5632018423735303,-1.5632018423735303,0.002668372085857744,,0.0016628502223710994,0.004024683567944755,0.008384142262717002
2366,TOI-836,TOI-836 c,2024-09-16,2,0.075,0.0016,-0.0016,9.6,2.7,-2.5,0.078,0.056,-0.056,0.0,2.1213203435596424,-2.1213203435596424,05d+-,0.0,2.1213203435596424,-2.1213203435596424,0.002668372085857744,,0.0016628502223710994,0.004024683567944755,0.008384142262717002
2373,TRAPPIST-1,TRAPPIST-1 b,2025-07-17,7,0.011537,0.00022,-0.00022,1.017,0.154,-0.143,0.00311,0.00304,-0.00304,0.1799999999999926,0.271154937259125,-0.2960574268617493,05d+-,0.1799999999999926,0.271154937259125,-0.2960574268617493,0.0004325496770516364,,0.0004206355932994458,0.0004348950465743546,0.00045124869965632004
2374,TRAPPIST-1,TRAPPIST-1 c,2025-07-17,7,0.015795,0.000305,-0.0003,1.308,0.142,-0.131,0.00327,0.00188,-0.00188,0.0849999999999937,0.1461540283399674,-0.1461540283399674,05d+-,0.0849999999999937,0.1461540283399674,-0.1461540283399674,0.0004325496770516364,,0.0004206355932994458,0.0004348950465743546,0.00045124869965632004
2375,TRAPPIST-1,TRAPPIST-1 d,2022-11-14,7,0.022265,0.00019,-0.000185,0.388,0.039,-0.035,0.039185,0.00093,-0.00093,-0.0400000000000062,0.1520690632574554,-0.1520690632574554,05d+-,-0.0400000000000062,0.1520690632574554,-0.1520690632574554,0.0004325496770516364,,0.0004206355932994458,0.0004348950465743546,0.00045124869965632004
2376,TRAPPIST-1,TRAPPIST-1 e,2023-04-17,7,0.029245,0.00054,-0.00055,0.692,0.079,-0.075,0.04505,0.00058,-0.00058,-0.0830000000000126,0.0953362470417207,-0.0953362470417207,05d+-,-0.0830000000000126,0.0953362470417207,-0.0953362470417207,0.0004325496770516364,,0.0004206355932994458,0.0004348950465743546,0.00045124869965632004
2377,TRAPPIST-1,TRAPPIST-1 f,2023-04-17,7,0.038511805,0.00033,-0.0003199999999999,0.934,0.08,-0.078,0.036535,0.00068,-0.00068,0.0299999999999869,0.0422018956920183,-0.0422018956920183,05d+-,0.0299999999999869,0.0422018956920183,-0.0422018956920183,0.0004325496770516364,,0.0004206355932994458,0.0004348950465743546,0.00045124869965632004
2378,TRAPPIST-1,TRAPPIST-1 g,2022-11-14,7,0.04682264,0.0004,-0.000385,1.321,0.098,-0.095,0.03154,0.00058,-0.00058,0.0,0.0353553390593273,-0.0353553390593273,05d+-,0.0,0.0353553390593273,-0.0353553390593273,0.0004325496770516364,,0.0004206355932994458,0.0004348950465743546,0.00045124869965632004
2379,TRAPPIST-1,TRAPPIST-1 h,2022-11-14,7,0.06189,0.00053,-0.00051,0.3285,0.038,-0.0345,0.00567,0.00121,-0.00121,-0.0715000000000003,0.0501722034596847,-0.0459047927780967,05d+-,-0.0715000000000003,0.0501722034596847,-0.0459047927780967,0.0004325496770516364,,0.0004206355932994458,0.0004348950465743546,0.00045124869965632004
2400,WASP-148,WASP-148 b,2025-07-17,2,0.0835484092764933,0.00153,-0.00185,92.329384015,8.740301105,-8.740301105,0.214,0.063,-0.063,21.0,9.0,-17.0,0,15.600000000000009,4.607917099948739,-7.304991444211279,0.06220823976653103,,0.052394134032393715,0.07108207069597035,0.09343661326469402
2401,WASP-148,WASP-148 c,2022-10-03,2,0.205414386438398,0.0037999999999999,-0.00465,127.132,15.8915,-15.8915,0.351,0.06,-0.064,21.0,9.0,-17.0,05+-,0.0,6.505382386916237,-10.323759005323591,0.06220823976653103,,0.052394134032393715,0.07108207069597035,0.09343661326469402
2406,WASP-47,WASP-47 b,2024-12-10,4,0.0514371704138235,0.0013,-0.0013,363.35,18.0349,-17.5349,0.0028,0.0023499999999999,-0.0011,29.2,11.1,-13.3,0,-0.5,45.00044444224968,-45.00044444224968,0.03750989452331156,,0.09485185353412406,0.29800591458101083,0.8560327045710354
2407,WASP-47,WASP-47 c,2024-12-10,4,1.3929565604621683,0.04,-0.04,398.9,18.0,-22.0,0.295,0.0165,-0.0165,29.2,11.1,-13.3,05+-,0.0,63.63961030678928,-63.63961030678928,0.03750989452331156,,0.09485185353412406,0.29800591458101083,0.8560327045710354
2408,WASP-47,WASP-47 d,2024-12-10,4,0.0863990780451663,0.01085,-0.01085,14.7,4.25,-4.25,0.01,0.0104,-0.00555,29.2,11.1,-13.3,05+-,-0.8400000000000034,45.00078027101308,-45.00069443908616,0.03750989452331156,,0.09485185353412406,0.29800591458101083,0.8560327045710354
2409,WASP-47,WASP-47 e,2024-12-10,4,0.0169387411541483,0.002165,-0.002165,9.0,0.7350000000000001,-0.745,0.0,0.036,-0.02,29.2,11.1,-13.3,05+-,2.0349999999999966,45.07504853020127,-45.07504853020127,0.03750989452331156,,0.09485185353412406,0.29800591458101083,0.8560327045710354
2421,XO-2 N,XO-2 N b,2024-05-08,3,0.03665,0.00064,-0.00064,184.182485,10.48839,-12.553875,0.006,0.038,-0.022,27.0,12.0,-27.0,0,0.0,0.7212489168102785,-0.7707463914933369,1.8000162002929088e-05,,8.174178949629685e-05,0.00036066666274825465,0.0011446732629412136
2427,bet Pic,bet Pic b,2023-06-12,2,9.04,0.61,-0.4549999999999999,3321.3235,1007.04249358,-657.11182447,0.08,0.0805,-0.0465,0.0,0.5656854249492381,-0.5586143571373726,05d+-,0.0,0.5656854249492381,-0.5586143571373726,0.015185783002836245,,0.012211210604756504,0.0166140658485551,0.02261127540267269
2428,bet Pic,bet Pic c,2023-06-12,2,2.6900000000000004,0.016,-0.015,3041.466109285,373.44837822,-327.68108762,0.277,0.024,-0.034,-0.5190000000000055,0.4085205013215371,-0.4053467651283282,05d+-,-0.5190000000000055,0.4085205013215371,-0.4053467651283282,0.015185783002836245,,0.012211210604756504,0.0166140658485551,0.02261127540267269
2431,iot Dra,iot Dra b,2022-12-17,2,1.2875,0.0499999999999999,-0.0499999999999999,2815.85,181.14396547,-179.554823435,0.7067,0.00595,-0.00595,40.0,33.015148038438355,-26.87005768508881,05d+-,40.0,33.015148038438355,-26.87005768508881,0.1539893819782646,,0.15418663161007046,0.23847151647785278,0.37910051007720574
2432,iot Dra,iot Dra c,2022-05-03,2,19.4,10.0,-7.7,4958.1231492,4449.597698,-1620.9248757,0.455,0.12,-0.084,0.0,26.87005768508881,-26.87005768508881,05d+-,0.0,26.87005768508881,-26.87005768508881,0.1539893819782646,,0.15418663161007046,0.23847151647785278,0.37910051007720574
